Gender,Employment_Status,Income,Credit_Score,Loan_Amount,Loan_Term,Loan_Type,Loan_Status
Male,Employed,10826.19,331,302415.16,48,Medical,1
Male,Employed,27820.56,741,398334.95,84,Car,0
Female,Employed,13566.47,468,411124.32,60,Car,1
Male,Employed,12816.54,744,95032.66,12,Gold,0
Male,Unemployed,43161.98,460,331526.13,36,Car,1
Male,Employed,8928.88,354,135937.75,48,Gold,1
Male,Employed,24225.21,403,363472.47,24,Car,0
Male,Employed,4765.95,639,174622.28,12,Agriculture,0
Female,Employed,21808.52,510,229467.72,72,Personal,0
Male,Employed,21992.38,494,297345.02,84,Education,0
Male,Employed,27439.61,719,118757.82,36,Travel,1
Male,Employed,20644.11,571,195803.63,36,Medical,0
Male,Unemployed,14239.79,588,58742.21,60,Travel,0
Male,Employed,17852.62,604,105162.53,48,Home,0
Male,Employed,5795.38,543,430497.89,60,Marriage,0
Male,Unemployed,23589.77,398,254657.97,24,Education,0
Female,Employed,19811.72,350,212798.53,72,Personal,1
Male,Employed,27710.51,702,79032.79,24,Car,0
Female,Unemployed,41811.5,802,52667.8,60,Home,0
Female,Employed,4473.76,457,240555.25,12,Medical,0
Male,Employed,20104.06,355,309300.34,12,Car,1
Male,Employed,31038.53,669,24323.1,60,Medical,0
Female,Employed,3898.28,303,393014.78,72,Marriage,1
Female,Employed,5493.65,737,254147.96,72,Car,0
Female,Unemployed,40623.23,389,63170.62,60,Education,0
Male,Employed,30204.02,601,243709.26,12,Home,0
Male,Unemployed,34229.63,791,69512.78,48,Car,0
Female,Employed,12416.79,504,303719.95,72,Home,0
Male,Employed,12026.68,399,414623.28,72,Car,1
Male,Unemployed,45537.58,326,448999.63,60,Business,0
Female,Employed,16553.03,511,388560.86,84,Personal,1
Male,Employed,45631.72,474,326369.71,72,Medical,0
Female,Unemployed,12166.77,598,263411.89,36,Marriage,0
Female,Employed,11121.14,383,188336.84,48,Home,0
Female,Employed,37590.81,784,26501.95,60,Marriage,0
Male,Unemployed,37850.2,418,267259.18,84,Personal,0
Female,Unemployed,38207.88,615,118595.7,36,Personal,1
Male,Unemployed,45893.18,707,402138.6,36,Personal,1
Female,Employed,35390.06,782,395830.01,60,Medical,1
Male,Unemployed,35780.89,800,193712.07,60,Marriage,0
Female,Employed,21038.34,571,296578.8,60,Marriage,1
Female,Employed,13487.89,393,371990.05,36,Education,0
Male,Unemployed,17437.52,696,381961.92,24,Personal,1
Male,Unemployed,15586.84,489,349870.26,60,Education,1
Male,Employed,24380.02,679,53369.87,60,Agriculture,0
Male,Employed,33138.62,690,71272.14,48,Gold,0
Female,Unemployed,16804.27,678,241184.91,60,Agriculture,0
Male,Unemployed,19262.94,491,120093.88,72,Gold,0
Male,Unemployed,44374.97,756,430231.36,72,Personal,0
Male,Employed,24368.2,345,145217.0,48,Marriage,0
Female,Unemployed,40535.2,569,438999.33,48,Travel,0
Female,Unemployed,36675.85,750,207280.12,84,Home,0
Female,Employed,38558.19,776,98565.4,24,Gold,1
Female,Employed,17371.2,569,356028.67,60,Education,0
Male,Unemployed,11750.12,531,395764.13,24,Car,1
Female,Employed,17020.26,575,291103.64,72,Marriage,1
Female,Employed,4194.34,363,63325.16,36,Home,1
Male,Employed,43476.07,454,8561.06,24,Gold,1
Female,Unemployed,37580.11,399,329000.33,12,Personal,0
Male,Unemployed,2778.56,387,345444.53,12,Personal,0
Male,Unemployed,28558.96,652,161371.35,12,Business,0
Male,Unemployed,30033.53,723,184323.55,48,Home,0
Male,Unemployed,36560.57,532,81615.4,72,Agriculture,0
Female,Unemployed,16169.23,362,327530.09,84,Home,0
Female,Employed,11417.21,696,130548.2,12,Gold,1
Female,Employed,13040.89,835,428213.58,72,Travel,1
Male,Employed,29349.9,728,214662.97,84,Home,1
Female,Unemployed,13795.04,848,185993.83,24,Medical,1
Male,Unemployed,28430.84,786,141402.47,84,Education,0
Male,Employed,47286.3,541,341899.82,60,Marriage,0
Male,Unemployed,18203.09,787,378711.09,48,Car,0
Female,Unemployed,38641.31,606,209547.94,48,Home,1
Female,Unemployed,25453.81,380,392975.27,12,Personal,1
Female,Unemployed,36730.78,704,243821.54,36,Marriage,1
Male,Unemployed,37500.52,335,188255.42,36,Agriculture,0
Male,Employed,24119.79,814,279681.12,60,Home,1
Female,Unemployed,37173.07,829,130619.93,84,Car,0
Male,Unemployed,18904.46,450,156793.28,72,Medical,0
Female,Unemployed,8718.01,423,175456.37,24,Personal,0
Female,Unemployed,28234.22,759,354219.83,12,Car,0
Female,Unemployed,10834.29,477,369212.3,72,Car,0
Male,Employed,44689.5,471,428224.47,24,Home,1
Female,Unemployed,49535.53,516,331345.01,72,Personal,0
Male,Employed,47947.37,497,375168.03,36,Marriage,0
Male,Employed,27149.33,429,226064.46,36,Business,1
Female,Employed,42275.29,343,351159.16,84,Agriculture,0
Female,Employed,5567.86,733,85088.58,12,Medical,0
Female,Unemployed,41263.8,380,111156.78,36,Home,0
Female,Employed,4328.69,745,203277.65,36,Education,0
Male,Unemployed,2306.42,506,172526.73,60,Home,1
Male,Employed,8599.59,451,277535.23,60,Business,0
Female,Employed,32273.68,564,350043.42,36,Travel,1
Male,Unemployed,5262.46,627,354861.02,84,Medical,1
Male,Employed,9249.42,368,84565.31,12,Agriculture,1
Male,Unemployed,12498.54,389,482462.27,12,Education,1
Male,Unemployed,23888.46,697,7618.86,72,Home,1
Male,Unemployed,4901.61,706,50088.85,36,Marriage,0
Female,Employed,32610.97,633,76937.58,36,Car,1
Male,Unemployed,46827.38,582,463301.58,48,Marriage,0
Female,Unemployed,45812.07,832,220511.83,72,Home,0
Female,Unemployed,33645.65,769,36719.83,60,Medical,1
Female,Employed,2755.12,312,114776.27,60,Marriage,0
Female,Employed,27546.2,835,44619.67,12,Personal,1
Male,Employed,21744.25,729,23688.89,84,Business,0
Male,Unemployed,2802.86,415,195241.38,24,Gold,0
Female,Employed,36665.25,724,492301.81,24,Agriculture,0
Female,Employed,27715.43,453,308912.97,36,Car,0
Male,Unemployed,15761.05,451,262897.74,84,Travel,1
Female,Unemployed,26106.37,402,357244.89,36,Education,0
Female,Employed,35497.24,408,300748.92,72,Education,0
Male,Unemployed,22667.51,403,473129.35,48,Personal,1
Female,Employed,47106.17,592,411013.22,48,Travel,1
Male,Unemployed,10604.81,848,321944.2,84,Personal,1
Female,Employed,46066.34,652,222291.16,12,Marriage,0
Male,Unemployed,27170.5,720,104845.09,72,Gold,0
Male,Employed,13566.5,570,330157.69,24,Travel,0
Female,Employed,31749.48,692,402935.41,48,Travel,0
Male,Unemployed,14116.07,797,146573.22,24,Education,1
Male,Unemployed,19013.17,784,21636.63,72,Medical,0
Female,Unemployed,40156.94,338,301759.88,48,Education,0
Male,Unemployed,5792.92,476,260327.75,84,Business,1
Male,Employed,48046.29,582,119677.13,60,Car,0
Female,Employed,24031.89,712,88894.03,36,Education,0
Female,Employed,13673.98,447,22850.26,48,Personal,0
Male,Unemployed,35467.34,711,123432.03,84,Home,0
Male,Employed,16398.78,339,5142.2,84,Medical,0
Female,Employed,41746.98,705,82935.16,48,Medical,0
Female,Employed,5869.61,639,498424.49,72,Home,1
Male,Employed,49600.39,543,390938.08,12,Home,0
Male,Employed,33194.93,350,179798.19,84,Car,0
Male,Unemployed,3520.86,786,200595.84,60,Car,0
Male,Unemployed,21453.36,575,295109.68,36,Gold,0
Male,Unemployed,20104.14,681,261282.64,60,Business,0
Female,Unemployed,24848.24,320,369778.14,72,Education,0
Male,Employed,32563.91,645,38965.5,72,Agriculture,0
Male,Unemployed,35736.57,610,49632.1,36,Business,0
Male,Unemployed,5968.93,618,145824.42,60,Gold,0
Female,Unemployed,42575.83,587,415733.58,60,Marriage,1
Male,Employed,32955.55,803,457929.44,12,Medical,0
Female,Employed,17900.99,400,177307.15,24,Car,0
Female,Employed,48911.8,533,481827.39,60,Personal,0
Male,Employed,48744.31,437,141871.39,72,Car,0
Male,Employed,44949.98,607,305149.89,36,Travel,0
Female,Employed,46119.31,753,101289.97,84,Home,0
Female,Unemployed,13028.79,628,465208.35,84,Home,0
Female,Unemployed,45261.1,575,289578.83,36,Car,0
Female,Unemployed,35229.81,726,134248.22,12,Medical,0
Female,Unemployed,29205.64,391,206531.64,24,Travel,1
Male,Unemployed,15012.56,492,57700.15,36,Personal,0
Male,Unemployed,46359.64,752,40831.06,84,Personal,1
Male,Unemployed,34852.58,516,150654.65,12,Education,0
Male,Employed,15457.9,716,473772.66,36,Medical,1
Female,Employed,28065.47,796,402456.41,48,Marriage,1
Male,Unemployed,33589.24,828,478571.13,72,Marriage,0
Male,Unemployed,10609.02,682,438675.96,60,Gold,1
Male,Employed,42820.52,357,407507.94,84,Agriculture,0
Male,Unemployed,2751.59,827,289572.47,24,Education,0
Male,Unemployed,11943.59,462,348624.97,60,Gold,1
Male,Unemployed,8921.19,367,483197.45,60,Education,1
Male,Employed,41393.16,618,283768.46,48,Personal,0
Male,Employed,41403.31,818,386133.76,24,Gold,0
Male,Unemployed,46586.0,713,379949.28,60,Education,0
Female,Employed,16365.29,438,480813.17,12,Personal,0
Male,Employed,29069.99,836,232129.97,84,Education,0
Male,Employed,29201.4,329,233056.62,84,Agriculture,0
Female,Unemployed,42773.24,477,295479.13,84,Education,1
Female,Employed,34497.68,497,18538.6,36,Agriculture,1
Male,Employed,27947.0,505,62552.81,72,Education,0
Male,Unemployed,20424.62,359,38439.36,84,Personal,1
Female,Unemployed,37507.77,555,318662.59,36,Medical,0
Male,Unemployed,39943.91,333,497128.03,72,Marriage,0
Female,Employed,35086.91,767,340071.92,12,Medical,0
Female,Employed,5764.53,351,118815.42,36,Car,0
Male,Unemployed,37781.91,669,161286.69,48,Agriculture,1
Male,Unemployed,18601.26,503,477945.62,12,Home,1
Male,Employed,6688.92,580,260669.59,48,Education,0
Female,Employed,13142.91,677,9812.98,24,Marriage,1
Female,Unemployed,5648.88,775,416927.64,36,Medical,0
Female,Employed,31048.1,817,127887.52,48,Home,0
Female,Unemployed,31465.53,706,51039.67,84,Agriculture,0
Female,Employed,30589.22,426,338480.47,36,Gold,0
Male,Unemployed,48508.19,331,411431.97,24,Home,1
Male,Employed,17666.08,547,42634.27,60,Medical,1
Male,Unemployed,32437.9,681,466041.14,36,Education,0
Female,Employed,39610.31,800,240894.95,24,Gold,0
Female,Unemployed,23626.41,756,180001.27,12,Business,0
Male,Employed,12950.64,481,447686.55,36,Education,0
Male,Unemployed,28545.81,785,138192.51,84,Gold,0
Male,Unemployed,20020.5,658,473823.46,12,Home,0
Male,Unemployed,10915.42,652,343138.12,84,Car,1
Female,Unemployed,30122.01,467,455414.09,24,Marriage,1
Male,Unemployed,20243.49,564,252004.67,12,Car,0
Female,Employed,39064.04,392,103834.94,48,Business,0
Male,Unemployed,16178.22,591,369037.39,60,Home,0
Female,Employed,13829.59,328,437007.54,12,Personal,1
Female,Unemployed,5528.32,695,107355.42,84,Medical,0
Male,Employed,14862.66,350,105369.45,48,Medical,0
Male,Unemployed,20240.0,466,128599.24,60,Agriculture,0
Female,Unemployed,39626.73,519,311205.47,24,Home,1
Male,Employed,9405.29,526,82217.81,24,Gold,0
Male,Unemployed,20701.85,530,57811.2,36,Education,1
Male,Employed,19313.61,511,460493.12,48,Business,1
Male,Employed,6392.98,575,339527.0,72,Marriage,0
Male,Unemployed,47262.09,719,333394.92,84,Home,0
Male,Unemployed,23347.32,825,308844.35,60,Marriage,0
Female,Employed,38544.63,320,383300.89,36,Home,0
Female,Unemployed,6907.11,309,273029.61,84,Marriage,0
Female,Unemployed,6190.27,785,25920.25,36,Travel,0
Male,Unemployed,22687.02,435,243734.58,24,Education,1
Female,Employed,28735.28,477,312230.4,84,Personal,0
Male,Unemployed,26597.16,308,248708.49,84,Agriculture,1
Male,Employed,6958.06,529,492753.86,12,Travel,0
Female,Employed,6301.7,558,449014.89,84,Medical,1
Male,Employed,28602.55,612,435040.57,60,Education,1
Female,Employed,30652.38,581,247948.65,72,Marriage,1
Female,Unemployed,39653.06,733,492275.37,24,Medical,0
Female,Unemployed,43458.47,685,458423.38,24,Medical,1
Female,Employed,2592.35,657,143731.98,72,Business,0
Female,Employed,21862.88,770,114935.93,12,Car,0
Female,Employed,39400.12,558,290449.27,48,Agriculture,0
Male,Employed,36792.5,523,31803.34,48,Education,0
Male,Unemployed,28857.75,777,400638.61,72,Education,1
Female,Employed,49651.05,609,241768.44,84,Gold,1
Male,Employed,13651.64,833,272680.13,60,Agriculture,1
Male,Employed,27013.02,706,253725.23,12,Marriage,1
Male,Employed,34895.17,404,199889.88,12,Education,0
Female,Employed,10136.08,307,344737.63,36,Marriage,0
Male,Unemployed,14908.11,823,91526.18,12,Home,1
Male,Unemployed,14883.53,683,488371.06,72,Marriage,1
Female,Unemployed,9004.87,589,350631.06,84,Car,1
Male,Unemployed,10025.96,605,232734.94,60,Agriculture,1
Male,Unemployed,15246.17,410,346159.22,84,Car,0
Male,Employed,16388.11,793,10850.89,12,Car,1
Male,Unemployed,39568.0,365,109322.43,36,Medical,0
Male,Employed,19334.0,644,292599.07,48,Travel,0
Male,Unemployed,47322.67,583,166090.92,12,Car,0
Male,Unemployed,36603.17,632,308325.16,12,Agriculture,1
Female,Unemployed,25798.52,583,133551.88,60,Travel,1
Male,Unemployed,31600.1,567,276538.88,84,Agriculture,0
Male,Employed,23977.36,605,122383.88,72,Medical,0
Male,Unemployed,8503.5,492,238315.96,72,Personal,0
Male,Employed,2324.83,453,308476.6,36,Medical,0
Female,Unemployed,20993.21,829,186132.45,12,Medical,0
Female,Unemployed,42397.44,546,251891.16,60,Education,0
Female,Unemployed,20234.72,358,109213.58,84,Personal,0
Male,Employed,43385.52,713,351852.75,36,Travel,0
Female,Employed,23130.7,627,189293.27,72,Car,1
Male,Unemployed,22669.58,443,427891.41,24,Agriculture,0
Female,Unemployed,41529.69,326,143416.62,36,Education,1
Female,Employed,33249.77,809,94045.17,24,Home,1
Male,Employed,30530.86,602,69913.89,24,Gold,1
Female,Unemployed,16420.89,565,290066.9,36,Business,0
Female,Unemployed,30954.14,728,118140.54,36,Education,0
Female,Employed,35374.03,714,54435.52,60,Personal,0
Male,Unemployed,24992.47,697,138624.81,36,Car,0
Male,Employed,10526.59,336,121723.56,84,Medical,0
Female,Unemployed,21115.5,494,218948.28,48,Business,0
Male,Unemployed,17318.61,651,193537.27,72,Home,1
Male,Employed,37273.97,527,77192.65,12,Medical,0
Male,Employed,32379.32,847,479778.22,36,Marriage,0
Female,Unemployed,48452.63,787,79026.29,24,Marriage,1
Male,Employed,39534.77,667,403805.84,24,Car,0
Female,Unemployed,17642.54,819,92420.6,36,Medical,1
Male,Employed,15454.41,607,252300.92,12,Medical,0
Male,Employed,39721.59,474,497803.08,12,Home,1
Female,Employed,19520.75,485,425448.01,60,Agriculture,0
Female,Employed,46739.22,600,260918.45,60,Home,0
Male,Unemployed,11590.4,399,361677.36,60,Gold,0
Female,Unemployed,49868.72,782,393739.8,12,Medical,0
Female,Employed,10636.51,431,153516.92,24,Car,0
Male,Unemployed,38845.66,564,283258.53,60,Personal,0
Female,Unemployed,3291.97,487,286078.09,36,Agriculture,0
Male,Unemployed,36906.24,643,202208.94,60,Gold,1
Male,Unemployed,47262.8,391,346818.87,36,Travel,1
Female,Unemployed,12063.12,527,34718.01,36,Car,1
Male,Unemployed,40288.91,663,407839.94,24,Business,0
Male,Employed,41901.53,528,240887.02,72,Agriculture,1
Male,Unemployed,5319.62,614,316781.8,84,Business,0
Female,Employed,42693.82,730,227678.14,36,Marriage,0
Female,Unemployed,40162.19,639,170654.99,60,Travel,1
Male,Employed,34302.93,680,183676.2,24,Marriage,0
Female,Unemployed,8680.6,566,282373.27,24,Education,0
Male,Unemployed,16535.97,601,466263.07,12,Personal,0
Female,Unemployed,14128.72,774,132568.84,36,Marriage,1
Female,Employed,9398.88,420,14818.49,60,Gold,0
Female,Unemployed,22310.14,781,65012.56,36,Car,1
Male,Employed,20095.56,354,434347.45,60,Travel,1
Male,Employed,23555.2,372,481742.7,48,Gold,1
Female,Unemployed,30700.83,783,103484.26,12,Car,0
Female,Unemployed,29947.71,499,290067.76,24,Personal,0
Male,Unemployed,27649.64,812,326319.82,12,Agriculture,0
Male,Employed,46327.8,422,91396.72,48,Gold,0
Female,Employed,43742.42,690,391253.0,72,Medical,0
Male,Unemployed,22078.43,842,180778.97,12,Marriage,1
Female,Unemployed,3764.73,605,338230.46,12,Car,0
Male,Unemployed,48484.55,723,246309.4,48,Gold,1
Female,Employed,35678.45,355,369580.45,12,Gold,1
Female,Employed,40990.25,454,445368.06,12,Home,0
Male,Unemployed,30503.36,440,193630.14,48,Travel,1
Male,Unemployed,45891.26,505,146829.17,48,Personal,0
Male,Employed,7249.73,650,317697.53,24,Travel,0
Male,Unemployed,13915.09,719,76699.93,72,Education,1
Male,Unemployed,33905.31,768,87949.89,60,Home,0
Female,Employed,9984.25,446,404819.99,60,Gold,0
Male,Employed,31408.54,623,172007.21,72,Education,0
Female,Unemployed,29034.57,484,317480.34,84,Travel,0
Male,Unemployed,32961.5,382,287960.6,72,Personal,0
Male,Employed,33043.69,799,425205.88,72,Medical,1
Female,Employed,48406.93,640,40315.32,48,Marriage,1
Female,Employed,17916.64,481,85189.75,60,Education,1
Male,Employed,40219.09,620,117967.88,36,Education,1
Female,Employed,7085.34,359,161854.73,36,Gold,1
Male,Unemployed,6733.11,304,149221.39,36,Gold,1
Male,Employed,12656.05,762,137398.83,84,Business,0
Male,Employed,37848.95,580,324098.93,24,Travel,0
Female,Unemployed,28783.68,514,139267.81,72,Agriculture,0
Female,Employed,35007.89,472,225224.7,84,Business,0
Male,Unemployed,12609.52,462,432089.21,72,Car,1
Male,Employed,19957.74,801,184766.6,84,Personal,1
Male,Employed,24227.03,390,295525.29,60,Gold,1
Male,Employed,34618.66,432,482935.39,12,Gold,0
Female,Employed,35140.99,744,209924.59,84,Medical,1
Male,Unemployed,9235.76,739,96023.67,84,Medical,0
Male,Employed,49889.73,713,16435.04,48,Travel,1
Female,Unemployed,25173.01,739,365247.35,60,Travel,1
Female,Unemployed,16180.75,788,332701.16,24,Personal,0
Male,Employed,46186.28,692,470516.48,12,Medical,1
Female,Unemployed,6121.03,304,351844.98,84,Travel,0
Male,Unemployed,41903.25,338,44632.05,84,Travel,1
Male,Unemployed,37047.23,846,87620.68,72,Business,1
Female,Employed,18719.78,504,55989.61,48,Medical,0
Male,Employed,18467.2,682,36577.24,12,Marriage,0
Female,Unemployed,39644.96,314,439952.03,48,Gold,0
Male,Unemployed,27013.51,629,276474.7,36,Personal,0
Male,Employed,18718.41,843,18050.63,72,Education,0
Female,Unemployed,6685.91,495,201521.2,72,Medical,0
Female,Unemployed,36655.71,318,383673.2,72,Personal,1
Female,Unemployed,23717.47,304,46209.34,84,Personal,0
Male,Unemployed,5224.37,554,134913.87,48,Agriculture,0
Male,Unemployed,4144.79,531,81860.81,48,Home,0
Male,Unemployed,36117.39,652,329142.17,24,Business,0
Male,Employed,3084.09,619,443308.3,24,Personal,1
Female,Employed,18467.74,432,158138.47,24,Personal,0
Female,Employed,7249.41,405,127461.28,84,Home,0
Female,Unemployed,40402.41,692,145666.76,60,Business,0
Male,Employed,46636.28,815,315107.94,36,Personal,0
Female,Unemployed,37543.5,613,69982.17,36,Home,1
Female,Unemployed,26767.71,471,420066.3,48,Medical,0
Female,Employed,28491.69,366,19142.79,24,Home,1
Female,Employed,17887.5,346,333456.82,72,Education,0
Male,Unemployed,22465.73,605,430882.56,72,Travel,1
Male,Employed,24178.6,597,165974.65,36,Car,1
Female,Employed,40292.28,766,240696.6,84,Business,0
Male,Unemployed,32228.5,832,487615.86,84,Agriculture,0
Female,Unemployed,10946.57,836,272589.16,36,Travel,1
Male,Employed,33550.78,645,139845.14,48,Home,1
Male,Unemployed,20987.95,744,225198.24,48,Medical,0
Female,Employed,37394.64,437,484923.42,12,Gold,0
Female,Employed,44388.67,650,350323.32,12,Agriculture,0
Female,Unemployed,23579.6,801,92633.14,48,Medical,0
Female,Unemployed,22618.54,667,300804.18,12,Car,1
Male,Employed,2213.6,492,317368.52,36,Business,1
Female,Unemployed,12310.21,468,319746.31,48,Education,1
Male,Employed,15360.55,713,284172.32,48,Personal,0
Female,Unemployed,35780.47,319,264112.6,84,Car,1
Male,Unemployed,40208.39,533,321566.48,24,Education,0
Female,Employed,29712.7,529,158282.36,36,Travel,0
Male,Unemployed,40376.11,434,176848.31,84,Gold,0
Male,Employed,27770.67,516,272135.72,36,Agriculture,0
Female,Unemployed,19558.07,322,403330.34,60,Marriage,1
Female,Employed,11459.57,816,223720.85,60,Gold,0
Male,Employed,7469.84,473,186062.74,24,Gold,0
Female,Unemployed,34193.67,426,133604.49,60,Medical,1
Female,Employed,25495.23,675,155268.59,12,Marriage,0
Male,Unemployed,48363.99,338,5045.71,48,Travel,1
Female,Employed,17043.4,684,408613.0,84,Travel,0
Female,Employed,20654.68,561,424733.51,72,Medical,0
Female,Employed,20842.11,847,175223.03,84,Medical,0
Female,Unemployed,7483.14,349,237252.99,12,Business,0
Female,Unemployed,18895.28,349,9116.97,36,Marriage,0
Female,Employed,23977.31,410,461433.76,60,Home,1
Male,Unemployed,10281.32,320,473743.97,72,Business,0
Male,Unemployed,34332.27,349,241148.2,12,Home,1
Female,Employed,40429.44,418,9520.64,84,Business,0
Female,Employed,46096.76,726,218065.48,36,Education,1
Male,Employed,30328.08,754,149996.69,60,Medical,1
Female,Unemployed,34261.28,689,119451.62,48,Gold,1
Female,Employed,17032.92,426,8572.9,48,Business,1
Male,Employed,13451.49,558,189953.72,60,Car,1
Female,Unemployed,7613.55,785,208809.26,48,Home,0
Female,Employed,19918.69,456,282474.41,24,Gold,0
Male,Unemployed,8785.21,510,200402.28,60,Business,0
Female,Employed,20646.24,309,85818.4,24,Medical,1
Female,Unemployed,30628.44,608,369873.34,60,Home,1
Female,Employed,29590.69,730,197913.02,24,Marriage,1
Female,Employed,22305.86,403,192287.24,48,Home,0
Female,Employed,25360.17,832,135175.24,48,Travel,0
Male,Unemployed,27794.2,576,214008.49,12,Business,1
Female,Unemployed,46119.73,440,123583.1,36,Home,0
Male,Employed,46673.36,728,383446.46,24,Home,0
Male,Employed,10315.27,407,455427.43,84,Home,1
Female,Unemployed,10009.55,823,404749.6,72,Home,1
Female,Employed,15864.07,420,343896.94,60,Education,1
Male,Employed,10980.73,589,145915.04,48,Personal,0
Male,Employed,42415.29,416,372748.81,84,Car,0
Female,Unemployed,31731.68,408,405360.28,48,Gold,1
Male,Unemployed,43545.07,809,209387.42,60,Marriage,0
Male,Employed,47688.41,503,427473.6,84,Home,0
Male,Unemployed,25261.23,504,95291.55,36,Medical,0
Male,Employed,11366.17,569,148349.67,60,Business,0
Male,Unemployed,20429.32,835,320261.89,72,Gold,1
Male,Employed,28955.94,506,310776.06,24,Home,0
Female,Employed,33347.35,666,139706.39,24,Education,0
Male,Unemployed,21638.45,719,313263.12,72,Travel,0
Female,Employed,25602.84,602,97955.77,72,Car,0
Female,Employed,36086.83,464,14600.72,12,Gold,1
Male,Unemployed,23304.88,340,29567.88,72,Gold,0
Female,Unemployed,10028.17,808,269810.52,72,Home,1
Female,Employed,29139.09,512,97039.11,60,Gold,0
Female,Unemployed,40202.28,792,55625.38,84,Medical,0
Male,Unemployed,12585.42,638,138251.59,48,Travel,1
Male,Unemployed,3569.36,540,359021.99,12,Home,1
Male,Employed,12792.48,302,364918.0,60,Travel,1
Male,Unemployed,15856.17,313,120241.2,60,Business,1
Female,Employed,39475.53,391,79588.43,48,Personal,0
Male,Unemployed,29151.22,413,249321.88,36,Car,0
Male,Employed,39082.29,805,174246.86,60,Agriculture,0
Female,Employed,25775.04,452,159230.46,12,Medical,1
Male,Unemployed,26518.69,392,400733.86,84,Home,0
Male,Employed,29490.27,823,498991.91,48,Medical,1
Male,Employed,14858.67,376,234523.81,24,Gold,0
Female,Unemployed,28069.1,403,396755.23,36,Home,0
Male,Unemployed,49562.89,562,168473.08,48,Car,1
Female,Employed,28018.08,536,422555.42,12,Travel,0
Female,Unemployed,38325.74,767,476063.8,60,Travel,0
Female,Unemployed,38480.2,603,32738.98,12,Gold,1
Female,Employed,23185.6,570,388948.19,72,Business,0
Female,Employed,12490.01,775,40335.42,84,Medical,1
Male,Employed,22407.42,351,237722.65,60,Business,0
Female,Unemployed,37327.46,402,100135.18,84,Marriage,0
Female,Employed,33376.24,478,421561.95,84,Home,0
Female,Unemployed,13881.52,340,409539.11,48,Marriage,0
Male,Employed,43990.87,597,414984.76,36,Medical,0
Female,Employed,3547.06,668,65370.97,48,Gold,1
Female,Employed,14615.13,620,385232.11,72,Personal,1
Male,Employed,43385.58,736,128236.37,72,Medical,0
Female,Unemployed,6175.18,418,386756.54,12,Car,1
Female,Unemployed,43533.94,397,224265.67,12,Home,0
Male,Unemployed,7634.53,346,370121.41,24,Travel,0
Female,Unemployed,40970.67,309,21587.59,84,Personal,0
Male,Unemployed,12074.15,441,233113.14,24,Business,0
Female,Employed,37405.42,474,386643.0,60,Car,0
Female,Employed,35078.41,636,262963.86,84,Agriculture,1
Female,Unemployed,43330.34,666,491147.35,72,Marriage,0
Male,Unemployed,31292.57,748,239048.64,84,Education,0
Male,Employed,22552.02,574,342313.95,12,Medical,0
Male,Unemployed,31575.26,395,159494.14,84,Gold,0
Male,Unemployed,39672.77,681,164916.28,24,Personal,0
Female,Employed,41049.43,650,316436.31,72,Gold,0
Male,Unemployed,40661.14,487,25882.03,24,Car,1
Male,Unemployed,29363.57,416,469023.36,48,Marriage,0
Male,Unemployed,27549.48,710,262858.5,60,Education,1
Female,Unemployed,30649.17,709,130389.81,36,Marriage,1
Female,Unemployed,10082.11,767,321067.41,48,Travel,0
Female,Unemployed,48992.01,578,103368.2,60,Education,0
Female,Employed,16046.47,694,444322.19,60,Business,0
Female,Unemployed,29491.31,789,432510.54,48,Education,0
Male,Unemployed,47715.07,731,112805.18,24,Car,0
Male,Unemployed,26691.92,470,60899.59,24,Personal,1
Female,Unemployed,45207.45,415,318289.94,72,Travel,1
Female,Employed,41128.68,435,165634.18,36,Medical,0
Male,Unemployed,8508.27,360,87843.38,36,Personal,0
Female,Employed,38004.52,463,141669.52,60,Travel,0
Female,Unemployed,21756.62,406,64226.55,84,Agriculture,0
Male,Employed,4845.72,726,395626.17,72,Education,0
Female,Unemployed,15311.53,794,9420.28,36,Medical,1
Female,Unemployed,33483.02,748,25786.72,48,Gold,0
Female,Employed,35668.47,485,392820.24,72,Marriage,1
Female,Employed,8369.16,688,240258.99,36,Marriage,0
Male,Unemployed,9019.69,667,300125.08,12,Travel,1
Female,Unemployed,17460.64,329,188842.34,60,Car,0
Male,Unemployed,13882.63,433,49292.55,12,Gold,1
Female,Unemployed,42490.67,794,83060.74,60,Agriculture,0
Female,Unemployed,20849.64,799,50243.77,60,Home,0
Female,Employed,8824.24,415,311229.2,48,Agriculture,0
Male,Unemployed,32355.3,721,465770.15,84,Gold,0
Female,Unemployed,32135.02,751,498501.69,24,Agriculture,0
Female,Unemployed,20008.27,347,314440.5,84,Gold,0
Female,Employed,5624.78,364,34588.69,36,Car,1
Male,Unemployed,40140.73,567,324064.57,12,Business,0
Female,Unemployed,38906.44,621,352157.43,36,Gold,0
Male,Unemployed,21336.84,312,396775.79,60,Gold,0
Male,Employed,37990.51,837,67284.59,12,Business,0
Female,Employed,35345.77,529,120173.94,12,Medical,1
Male,Unemployed,44111.23,646,490929.48,72,Travel,0
Male,Unemployed,23825.39,831,395338.1,60,Personal,0
Female,Employed,25426.14,835,379565.27,84,Education,1
Male,Employed,29933.87,397,403735.06,36,Medical,0
Female,Employed,43707.57,743,222165.85,12,Agriculture,0
Male,Unemployed,42664.03,554,100517.82,84,Medical,0
Male,Employed,6470.8,793,346178.74,36,Business,0
Female,Employed,48663.21,654,182292.91,84,Home,0
Female,Employed,32472.35,694,71692.43,12,Agriculture,0
Female,Employed,35469.87,452,449838.21,24,Agriculture,0
Male,Unemployed,42805.1,355,245224.56,48,Home,1
Female,Unemployed,40192.54,311,221562.5,72,Marriage,0
Female,Unemployed,21090.36,460,150883.73,60,Marriage,0
Female,Employed,48470.17,817,350033.7,48,Personal,1
Female,Employed,41592.69,780,98939.04,72,Home,0
Female,Unemployed,25746.32,807,97380.23,36,Education,0
Female,Unemployed,17497.53,469,177094.02,72,Business,0
Female,Unemployed,15612.47,376,367539.19,48,Medical,1
Male,Unemployed,28270.91,803,141285.61,48,Travel,1
Female,Employed,8268.52,628,416518.05,48,Gold,0
Male,Employed,42916.28,546,457664.63,48,Personal,0
Male,Unemployed,39838.58,638,279487.55,60,Marriage,0
Female,Unemployed,44919.42,584,39093.91,24,Agriculture,0
Male,Unemployed,38588.19,351,81737.61,72,Personal,1
Male,Unemployed,4205.26,819,151357.97,24,Car,1
Male,Employed,32056.62,528,135357.89,48,Agriculture,0
Male,Employed,42161.7,687,186720.79,24,Business,0
Male,Employed,2781.5,712,5356.32,24,Agriculture,1
Male,Employed,46612.78,540,320822.9,60,Home,1
Male,Unemployed,9583.21,380,192626.57,48,Travel,0
Male,Unemployed,23912.87,770,96839.47,84,Medical,1
Male,Employed,49608.24,754,14266.33,36,Marriage,0
Male,Unemployed,22534.37,758,429130.5,84,Home,1
Female,Unemployed,49793.32,390,389128.2,48,Education,0
Male,Unemployed,45651.55,810,123199.35,24,Home,0
Male,Employed,44343.09,757,361896.76,36,Agriculture,0
Female,Unemployed,16489.54,623,330853.26,84,Business,1
Female,Unemployed,43972.32,421,271783.48,72,Travel,0
Female,Employed,44076.56,809,196807.97,24,Medical,0
Male,Employed,6480.32,318,264414.54,24,Car,0
Male,Employed,19300.9,405,251286.83,12,Business,1
Male,Employed,5956.19,713,277976.56,12,Marriage,1
Female,Unemployed,33896.42,722,308454.42,72,Business,1
Male,Employed,33147.74,336,164687.02,12,Medical,0
Male,Unemployed,4485.79,300,322247.45,24,Travel,1
Female,Employed,32029.01,393,59679.75,72,Medical,0
Female,Unemployed,36847.44,611,263984.27,48,Education,0
Female,Unemployed,38251.14,820,38006.52,72,Car,0
Male,Employed,22603.09,511,418420.71,48,Car,1
Male,Unemployed,6377.56,767,69238.26,24,Home,1
Male,Unemployed,6568.82,649,437378.92,12,Business,0
Male,Employed,12244.22,672,105029.12,24,Business,1
Female,Employed,5741.06,355,245258.29,72,Medical,0
Male,Unemployed,30496.62,528,53883.03,84,Personal,1
Male,Employed,26933.32,765,287651.03,48,Business,1
Female,Employed,23363.21,639,418968.27,84,Agriculture,0
Female,Employed,2387.0,784,330671.02,48,Home,0
Female,Employed,18491.56,672,265281.57,84,Medical,0
Male,Employed,7788.5,763,352150.44,72,Education,1
Female,Unemployed,43296.33,416,131689.57,60,Car,1
Male,Employed,35313.49,399,186345.24,48,Personal,0
Female,Unemployed,24929.61,527,304947.04,60,Business,0
Female,Unemployed,12989.45,302,40082.61,24,Medical,0
Male,Unemployed,6287.89,649,465454.46,48,Personal,0
Female,Employed,40685.93,663,108325.36,60,Marriage,0
Female,Employed,6953.67,598,248245.72,48,Gold,0
Female,Employed,19642.96,834,445434.83,60,Marriage,0
Male,Unemployed,16364.26,682,44578.62,84,Medical,1
Female,Unemployed,20370.61,408,401504.87,48,Marriage,0
Male,Unemployed,41041.66,346,35046.59,48,Agriculture,1
Female,Unemployed,43975.87,468,281219.85,36,Business,0
Female,Unemployed,32795.66,804,469430.71,24,Medical,0
Female,Employed,34502.58,443,210896.84,24,Personal,0
Female,Employed,5283.76,719,187688.98,48,Gold,0
Female,Unemployed,29037.98,409,355674.72,60,Travel,1
Female,Employed,31295.32,560,412703.27,12,Marriage,0
Male,Unemployed,9877.59,500,136578.74,60,Car,1
Male,Unemployed,18857.01,492,25123.31,48,Business,0
Female,Unemployed,12226.66,423,39842.12,84,Home,0
Female,Employed,37916.9,702,155432.75,72,Marriage,0
Male,Employed,46154.92,520,472578.72,24,Car,0
Female,Employed,31571.65,768,480490.44,72,Home,0
Female,Unemployed,23234.43,495,53074.03,60,Gold,0
Female,Employed,12427.74,646,363960.11,36,Medical,1
Male,Employed,45036.46,410,268172.22,48,Home,1
Female,Employed,8720.63,724,98782.9,60,Gold,0
Female,Unemployed,7911.55,347,265465.05,60,Home,0
Male,Employed,37040.44,426,128137.7,36,Car,1
Female,Employed,18873.71,761,314535.9,12,Business,0
Male,Unemployed,22610.66,768,93554.46,12,Gold,1
Female,Employed,39971.68,816,375851.21,60,Agriculture,1
Female,Unemployed,13893.75,437,210516.38,48,Gold,0
Female,Unemployed,32941.79,810,57229.52,72,Car,0
Female,Employed,13912.02,304,321119.03,36,Business,0
Female,Unemployed,30847.95,843,182191.87,12,Business,1
Male,Employed,36616.62,349,232066.69,60,Travel,1
Male,Unemployed,15676.2,743,334294.97,48,Personal,0
Male,Employed,47181.4,794,441997.89,72,Travel,0
Male,Unemployed,3287.57,820,87570.61,12,Education,0
Female,Employed,42659.36,481,94296.29,24,Home,0
Female,Employed,44039.71,477,203770.8,72,Personal,0
Male,Employed,11861.39,431,172068.87,72,Marriage,0
Female,Employed,31132.49,406,83297.35,60,Home,1
Female,Unemployed,11055.03,696,499224.62,84,Travel,1
Female,Employed,20804.05,629,224291.02,84,Gold,0
Male,Employed,33016.15,816,179400.42,84,Gold,0
Male,Employed,39622.48,693,161001.72,36,Business,0
Female,Employed,40101.35,728,495774.18,48,Business,0
Male,Unemployed,13488.37,554,165703.78,60,Gold,0
Female,Employed,20522.51,580,189001.16,12,Personal,0
Male,Unemployed,13571.92,707,383271.26,60,Travel,0
Female,Employed,32627.95,651,218141.1,60,Marriage,0
Female,Unemployed,5408.58,601,364304.5,12,Gold,0
Female,Unemployed,44658.78,763,306164.62,24,Home,0
Female,Unemployed,2579.22,436,283756.63,48,Car,0
Female,Unemployed,19332.71,441,110894.43,72,Home,0
Female,Employed,17190.69,722,384025.57,72,Travel,0
Female,Unemployed,20568.24,824,463442.73,72,Business,0
Female,Unemployed,42270.72,606,130774.12,72,Gold,0
Female,Unemployed,22201.45,621,481017.63,12,Medical,1
Female,Employed,28225.1,522,226512.4,72,Agriculture,0
Female,Employed,10292.97,505,201559.83,72,Gold,1
Male,Employed,24608.7,514,364525.07,60,Home,1
Male,Unemployed,49393.58,597,491563.45,84,Personal,1
Male,Unemployed,5503.61,653,299902.6,60,Education,0
Female,Unemployed,30193.45,435,261216.63,36,Home,0
Male,Unemployed,2662.08,482,496738.94,60,Travel,0
Male,Employed,12355.66,815,154411.62,12,Education,1
Male,Unemployed,46283.81,630,153665.31,36,Education,0
Male,Employed,47536.64,418,114833.92,60,Travel,0
Female,Unemployed,21102.8,660,428581.61,84,Marriage,1
Female,Unemployed,15751.41,791,15742.18,12,Travel,0
Female,Unemployed,36206.2,727,411860.26,48,Travel,1
Male,Unemployed,38821.28,846,346411.0,48,Travel,0
Male,Employed,22331.61,592,141598.78,60,Personal,0
Female,Unemployed,21309.32,732,279063.26,48,Agriculture,1
Male,Employed,32745.79,313,280379.93,60,Medical,0
Female,Unemployed,27807.46,835,463331.61,72,Personal,0
Male,Employed,9328.66,409,81583.82,36,Personal,1
Female,Unemployed,6012.66,325,23679.47,48,Home,1
Male,Employed,5793.03,690,181049.6,36,Car,0
Male,Unemployed,46204.39,448,73512.06,84,Medical,1
Female,Unemployed,48767.04,354,186706.03,36,Gold,1
Male,Employed,9458.1,357,293167.07,36,Business,1
Male,Employed,17684.01,504,120332.1,24,Gold,1
Female,Employed,30148.98,573,406481.75,12,Home,1
Male,Employed,38634.76,464,50493.04,72,Medical,0
Female,Unemployed,33192.3,593,202900.13,60,Marriage,0
Male,Unemployed,32871.42,556,459351.49,72,Travel,0
Male,Unemployed,16888.14,449,368461.65,36,Gold,0
Female,Employed,22999.33,363,363172.36,72,Home,1
Female,Employed,47764.54,602,397487.58,84,Business,0
Female,Unemployed,13454.59,508,90586.73,60,Car,1
Female,Unemployed,13735.03,333,413724.1,36,Personal,1
Female,Employed,46382.13,667,346349.58,12,Education,0
Male,Employed,7567.36,763,290235.07,72,Home,0
Male,Unemployed,31390.25,404,454289.54,48,Home,0
Female,Unemployed,4641.37,529,299639.45,60,Education,1
Female,Unemployed,33971.82,698,153694.66,24,Business,1
Male,Unemployed,33586.51,543,366740.73,60,Home,0
Male,Unemployed,10431.0,823,290260.43,12,Education,1
Female,Employed,2607.92,594,43846.31,72,Home,0
Female,Employed,8586.17,348,32681.74,36,Personal,1
Male,Unemployed,2544.83,690,386596.24,84,Agriculture,1
Male,Unemployed,25827.82,696,177225.45,72,Personal,0
Male,Employed,18641.85,726,409485.14,60,Personal,1
Male,Employed,26826.7,620,211178.25,12,Car,0
Female,Unemployed,41480.33,355,434576.39,36,Medical,1
Male,Employed,14443.85,313,435544.32,48,Agriculture,0
Male,Employed,19849.73,557,117225.25,12,Car,0
Male,Unemployed,37989.27,507,328125.7,24,Education,0
Female,Unemployed,43926.08,753,303139.31,60,Personal,0
Male,Unemployed,37180.92,530,10660.02,12,Car,0
Female,Unemployed,7666.72,676,389822.22,84,Travel,1
Female,Employed,45195.08,501,194331.05,84,Marriage,1
Female,Employed,18080.53,498,155867.78,36,Car,1
Female,Unemployed,22607.58,601,25385.21,36,Medical,1
Female,Employed,27145.0,759,272265.22,24,Personal,1
Female,Unemployed,14621.58,481,79042.11,60,Business,1
Male,Unemployed,48802.43,376,253688.8,36,Car,1
Male,Unemployed,32121.58,491,114294.6,36,Personal,1
Male,Unemployed,25815.08,477,30007.31,84,Business,1
Male,Employed,26517.53,826,367131.39,36,Car,1
Female,Unemployed,4661.08,422,199476.94,12,Personal,0
Male,Employed,43249.27,686,225580.04,72,Personal,1
Male,Employed,10010.31,341,299590.43,12,Marriage,0
Male,Unemployed,9550.88,738,254841.03,60,Education,0
Male,Unemployed,39119.79,585,114932.39,24,Marriage,1
Male,Employed,44924.88,570,148442.6,60,Education,0
Male,Unemployed,34357.78,433,200189.59,72,Home,0
Male,Unemployed,7536.01,464,70433.58,24,Gold,1
Female,Unemployed,37557.44,561,45859.83,72,Car,0
Female,Employed,2123.29,305,287863.09,48,Personal,0
Female,Employed,43217.07,638,29408.99,36,Home,0
Female,Employed,2589.83,777,202599.69,84,Business,0
Male,Unemployed,4207.11,458,47114.1,24,Marriage,0
Male,Unemployed,19470.87,340,253402.44,36,Gold,0
Female,Unemployed,46170.87,457,388043.44,84,Gold,0
Female,Unemployed,10590.12,630,69535.71,72,Home,1
Female,Employed,48096.42,352,71761.03,24,Travel,0
Male,Employed,3697.45,608,281851.61,48,Marriage,0
Male,Unemployed,40549.54,802,246491.24,24,Education,1
Female,Employed,36273.0,666,327862.98,84,Travel,0
Male,Employed,33473.76,374,102069.15,60,Marriage,1
Female,Employed,12776.74,625,309918.43,84,Personal,0
Male,Employed,13916.63,838,369155.54,12,Personal,0
Male,Unemployed,45961.03,525,126891.69,36,Marriage,0
Male,Unemployed,17356.89,488,40463.77,12,Car,1
Female,Unemployed,41647.86,833,389502.09,24,Travel,0
Male,Employed,29433.73,369,165088.76,60,Education,0
Male,Employed,7731.24,817,462448.35,84,Education,0
Male,Unemployed,34319.63,463,49349.35,24,Business,0
Male,Unemployed,4528.26,725,337515.04,84,Home,0
Female,Employed,12712.88,849,214652.6,48,Travel,0
Female,Unemployed,26757.16,713,177412.39,84,Car,0
Female,Unemployed,4204.57,394,163765.49,48,Personal,1
Male,Unemployed,21244.39,657,298969.19,84,Education,1
Female,Unemployed,44095.58,526,16982.38,48,Travel,0
Female,Unemployed,43569.55,518,155885.33,24,Medical,1
Female,Unemployed,39129.32,639,493887.7,72,Gold,0
Female,Employed,16913.49,639,310029.39,48,Marriage,1
Female,Unemployed,6146.51,669,495128.8,72,Home,0
Female,Unemployed,23923.82,600,223894.0,72,Medical,1
Male,Employed,19708.13,523,77180.15,24,Personal,0
Male,Unemployed,15996.56,843,27214.39,24,Home,1
Female,Unemployed,39656.35,786,409995.1,60,Gold,1
Female,Employed,37499.65,309,103844.18,72,Agriculture,1
Female,Unemployed,13644.03,417,190041.29,84,Agriculture,0
Male,Unemployed,19677.13,654,380078.22,36,Education,1
Male,Employed,48649.17,756,427118.25,12,Travel,1
Male,Employed,49893.78,546,60624.01,72,Education,0
Male,Unemployed,39242.53,549,31996.32,36,Agriculture,0
Female,Employed,37158.24,340,474725.75,84,Personal,0
Male,Unemployed,28234.84,628,463731.2,84,Gold,0
Male,Employed,40206.73,690,435032.41,12,Personal,0
Female,Employed,9227.19,416,410966.31,12,Medical,0
Female,Employed,46755.08,695,11797.98,24,Personal,1
Female,Employed,3147.69,562,348428.64,48,Travel,1
Male,Employed,27994.17,589,60082.61,48,Home,0
Female,Employed,32525.21,325,227780.48,48,Medical,0
Female,Unemployed,35286.12,829,16260.32,36,Gold,0
Male,Unemployed,2460.55,683,108459.72,48,Business,0
Female,Unemployed,18080.83,826,271312.7,72,Travel,0
Female,Employed,38428.6,820,105881.67,84,Car,0
Female,Unemployed,20061.19,756,264016.61,60,Personal,1
Female,Employed,37427.97,798,133035.71,24,Gold,0
Female,Unemployed,16760.51,344,244098.03,48,Medical,0
Male,Unemployed,11849.33,603,366312.17,72,Personal,0
Male,Employed,49189.56,497,74966.97,72,Agriculture,1
Female,Employed,22151.16,628,350883.84,48,Business,0
Female,Employed,48136.88,826,14102.31,48,Medical,0
Female,Unemployed,48682.84,384,293587.45,36,Marriage,1
Female,Unemployed,8833.93,398,333446.53,24,Business,0
Female,Unemployed,15431.61,471,26523.59,60,Medical,0
Male,Unemployed,4107.21,850,89308.23,84,Education,0
Female,Employed,13110.68,846,145586.7,48,Travel,1
Male,Unemployed,42584.2,307,395648.3,12,Agriculture,0
Female,Unemployed,21826.73,367,310892.56,36,Business,1
Female,Unemployed,44987.74,515,31277.2,84,Agriculture,0
Female,Unemployed,24005.99,518,329105.15,48,Education,1
Male,Unemployed,37899.17,734,9125.42,48,Personal,0
Female,Employed,29876.99,406,197379.35,72,Medical,0
Male,Employed,26260.53,510,139298.64,36,Gold,0
Female,Unemployed,32586.35,850,426781.06,60,Home,0
Female,Unemployed,20928.86,745,331749.68,72,Car,0
Male,Employed,30411.0,373,432819.73,12,Medical,0
Male,Unemployed,4989.58,457,14443.77,12,Personal,0
Female,Unemployed,33797.31,324,434368.17,60,Agriculture,0
Female,Employed,8274.0,770,326458.52,72,Medical,1
Female,Unemployed,16000.45,639,119428.47,36,Travel,0
Male,Unemployed,42843.86,338,193447.1,84,Personal,0
Male,Unemployed,46450.01,389,488422.91,48,Personal,0
Female,Unemployed,20861.73,375,54303.84,60,Home,0
Male,Unemployed,41931.19,355,161150.7,72,Agriculture,0
Female,Unemployed,17660.08,482,434052.51,84,Agriculture,1
Female,Employed,23732.38,557,268122.52,36,Marriage,0
Female,Unemployed,13213.34,372,97276.61,36,Personal,0
Male,Unemployed,47290.62,533,252822.16,36,Home,0
Male,Unemployed,8533.37,564,231703.2,36,Personal,1
Male,Employed,38967.04,717,463543.24,84,Gold,0
Male,Unemployed,7230.7,697,15636.79,12,Education,0
Female,Employed,7071.57,761,127459.11,36,Gold,1
Male,Unemployed,23579.2,714,267060.61,72,Education,1
Female,Employed,17073.6,743,170116.97,60,Marriage,0
Male,Unemployed,7795.36,623,199732.91,48,Agriculture,0
Male,Unemployed,19197.8,317,82717.6,48,Personal,0
Male,Unemployed,38976.16,698,176656.05,84,Education,0
Female,Unemployed,23692.02,421,179196.98,72,Agriculture,0
Male,Employed,24240.64,847,314489.33,72,Medical,0
Male,Employed,42919.14,306,121921.36,24,Business,0
Female,Unemployed,6340.2,364,489230.91,72,Marriage,0
Female,Unemployed,40764.65,346,253119.47,72,Marriage,1
Female,Employed,16602.32,374,406886.97,60,Business,0
Female,Employed,35825.83,666,314767.22,84,Agriculture,0
Female,Employed,30958.52,814,439945.25,24,Gold,1
Female,Employed,12321.0,408,445749.03,60,Medical,0
Male,Employed,43115.52,596,408355.03,36,Marriage,1
Female,Employed,9119.54,608,19585.62,72,Agriculture,1
Male,Employed,36135.56,388,279694.98,72,Medical,1
Female,Employed,48483.2,588,143695.95,24,Travel,1
Male,Employed,21019.73,748,80095.55,36,Business,1
Male,Unemployed,4349.63,690,449101.78,60,Home,0
Male,Unemployed,16344.35,704,330181.22,12,Medical,1
Female,Unemployed,41364.3,331,48458.53,72,Personal,1
Female,Employed,10345.65,785,194192.53,12,Personal,0
Female,Employed,47700.64,460,480499.82,84,Business,1
Female,Employed,43020.86,846,308161.95,12,Medical,1
Male,Employed,28685.78,525,314634.68,12,Medical,1
Female,Unemployed,28405.8,439,117576.85,48,Education,0
Female,Unemployed,6546.81,700,123978.6,12,Home,1
Female,Unemployed,6891.55,602,80610.83,60,Car,1
Male,Employed,40102.87,447,485415.9,12,Personal,0
Female,Unemployed,7829.76,605,455319.02,72,Car,0
Female,Unemployed,4960.12,682,167995.95,48,Personal,0
Female,Unemployed,39486.08,311,273405.71,36,Medical,1
Female,Employed,12669.83,444,107344.85,24,Car,0
Female,Employed,11510.39,426,73595.38,72,Home,0
Female,Employed,21227.93,342,272970.14,36,Agriculture,0
Female,Employed,34941.69,305,401052.0,36,Marriage,1
Male,Employed,47003.6,703,431980.89,24,Gold,0
Male,Unemployed,6033.89,850,157954.21,12,Home,0
Female,Employed,30133.7,387,354042.51,12,Business,0
Male,Employed,46036.57,612,264283.71,60,Marriage,1
Female,Unemployed,5599.38,515,71949.98,12,Marriage,1
Male,Unemployed,49863.75,652,497864.47,12,Personal,0
Female,Employed,11492.02,516,488009.57,60,Personal,1
Female,Unemployed,33007.37,722,76850.44,72,Travel,0
Female,Employed,40846.34,824,466849.82,84,Medical,0
Female,Employed,6414.97,445,458970.5,24,Medical,1
Male,Unemployed,42669.22,464,162160.62,60,Education,0
Female,Employed,40826.59,488,280883.45,72,Business,1
Male,Unemployed,7881.33,526,474557.77,12,Medical,0
Male,Unemployed,47229.47,558,63601.71,72,Medical,0
Female,Unemployed,4430.61,498,162210.81,12,Travel,1
Male,Unemployed,46358.32,417,440420.87,12,Business,0
Female,Employed,22791.51,485,364904.37,84,Travel,0
Male,Unemployed,36772.68,355,383890.33,60,Gold,1
Female,Unemployed,25814.07,772,440665.29,24,Travel,0
Male,Employed,20371.01,374,209949.88,48,Travel,0
Male,Employed,22479.87,597,208569.62,72,Car,1
Female,Unemployed,18989.28,368,224287.22,84,Car,1
Male,Employed,45598.6,556,467215.42,72,Agriculture,0
Male,Unemployed,15199.12,400,447594.4,60,Personal,1
Female,Unemployed,23408.55,502,466958.77,84,Agriculture,0
Female,Employed,9134.31,798,140529.1,24,Medical,0
Female,Employed,31477.12,638,390658.4,12,Gold,0
Female,Unemployed,31614.9,665,57851.86,72,Agriculture,1
Male,Unemployed,33069.36,431,96449.52,24,Medical,1
Female,Employed,25946.8,540,382411.5,36,Medical,0
Female,Employed,44373.37,402,307930.89,36,Car,0
Female,Unemployed,24993.48,591,137096.99,48,Car,0
Female,Unemployed,6210.63,371,285686.33,72,Home,0
Male,Unemployed,20384.73,498,119301.12,12,Travel,1
Male,Employed,22123.27,625,119930.35,72,Business,1
Male,Unemployed,32847.32,797,345252.05,48,Home,0
Female,Employed,40265.5,761,182834.36,36,Medical,1
Male,Employed,13959.09,636,345629.94,84,Agriculture,0
Male,Employed,49716.19,613,240918.1,48,Home,0
Female,Unemployed,28095.52,456,253650.67,72,Business,0
Male,Unemployed,2937.44,673,304332.32,72,Agriculture,0
Male,Employed,20359.91,623,357449.47,84,Medical,0
Female,Employed,36241.79,738,190109.9,84,Personal,0
Male,Unemployed,25024.85,472,426804.07,36,Marriage,0
Female,Unemployed,39508.89,304,248265.57,36,Medical,0
Male,Employed,18513.64,620,73068.8,24,Travel,1
Male,Unemployed,29151.25,552,100663.62,84,Travel,0
Female,Unemployed,17437.01,526,20953.63,12,Marriage,0
Male,Unemployed,14980.91,746,383446.73,36,Medical,1
Female,Unemployed,3251.02,583,12432.06,84,Medical,1
Female,Employed,30661.58,668,138580.06,12,Travel,0
Female,Unemployed,3406.57,437,209456.79,48,Home,0
Female,Unemployed,40913.09,639,372471.5,48,Travel,0
Male,Employed,15484.77,791,494180.49,36,Car,0
Male,Employed,40815.39,773,380099.41,12,Agriculture,0
Female,Employed,24640.85,756,37737.48,36,Business,0
Male,Unemployed,19156.78,667,463916.09,84,Medical,0
Male,Unemployed,30031.47,612,492885.68,36,Marriage,0
Male,Employed,13172.58,798,434228.86,24,Agriculture,0
Male,Unemployed,9661.99,411,247521.73,48,Marriage,1
Female,Unemployed,13897.14,479,165823.34,12,Gold,0
Male,Employed,13575.33,383,231484.74,48,Business,0
Female,Unemployed,27617.1,587,127158.0,24,Gold,1
Male,Unemployed,39979.39,443,205409.05,60,Car,0
Male,Employed,37378.89,501,25704.01,48,Car,1
Female,Employed,38674.39,569,368989.23,24,Marriage,1
Female,Employed,47494.52,378,193285.21,72,Car,0
Female,Unemployed,29633.22,377,159884.26,48,Home,0
Female,Employed,49167.9,319,307694.91,12,Gold,0
Male,Unemployed,20644.28,819,372521.59,24,Gold,0
Female,Unemployed,46889.89,331,298933.87,60,Marriage,0
Female,Unemployed,49594.01,714,264989.11,84,Car,0
Male,Unemployed,10338.18,517,438512.57,48,Gold,0
Male,Employed,13354.45,337,394525.33,24,Agriculture,0
Female,Employed,17264.21,566,262721.3,60,Personal,1
Female,Employed,37429.04,783,228546.75,72,Agriculture,0
Female,Unemployed,19221.59,452,414370.0,12,Gold,0
Female,Unemployed,30395.0,674,25995.88,48,Gold,1
Female,Employed,35765.74,701,497939.0,72,Agriculture,0
Female,Employed,18880.74,528,261757.81,36,Gold,1
Female,Employed,29247.27,597,200827.54,12,Car,1
Male,Employed,8820.91,437,368909.19,12,Education,0
Female,Employed,47521.69,775,281061.97,12,Education,0
Female,Employed,42161.45,813,260482.71,12,Education,0
Male,Unemployed,40899.26,822,317171.03,60,Business,1
Male,Unemployed,48578.61,392,29401.25,72,Marriage,0
Female,Employed,28021.98,706,149133.78,36,Personal,1
Female,Employed,10426.72,672,202029.75,84,Personal,1
Female,Unemployed,3822.26,814,155754.3,48,Business,0
Female,Employed,4696.06,310,414672.4,12,Personal,1
Male,Unemployed,30879.81,544,233366.85,48,Gold,0
Female,Employed,2956.54,469,214118.78,24,Home,1
Female,Unemployed,24943.47,826,308501.47,72,Car,0
Male,Employed,17923.23,443,32000.6,72,Travel,0
Male,Unemployed,31478.47,756,260899.98,12,Gold,1
Female,Unemployed,40709.38,463,75408.61,12,Car,0
Female,Employed,18356.43,483,415797.28,72,Medical,1
Male,Unemployed,10518.07,449,228590.55,48,Agriculture,0
Female,Unemployed,40516.37,795,362710.16,36,Marriage,0
Male,Employed,43674.42,667,61019.94,24,Travel,0
Male,Unemployed,4858.69,341,390471.92,72,Agriculture,0
Female,Unemployed,9090.18,524,469232.02,36,Business,1
Male,Employed,35825.42,799,349576.5,48,Car,1
Male,Employed,8799.33,537,71976.8,60,Medical,0
Male,Employed,7324.19,364,209711.86,12,Marriage,0
Female,Employed,27262.15,570,228188.5,60,Car,0
Female,Unemployed,19514.71,678,93544.9,72,Gold,0
Male,Unemployed,5481.52,539,297206.16,84,Agriculture,1
Female,Employed,35817.82,343,357754.02,48,Marriage,1
Male,Employed,33782.7,511,104956.34,48,Agriculture,1
Male,Employed,30128.8,830,230068.19,48,Gold,0
Female,Unemployed,18154.93,669,128790.74,48,Marriage,0
Female,Employed,17484.95,697,347400.13,84,Personal,1
Female,Unemployed,48841.31,780,454045.42,72,Medical,0
Male,Unemployed,37152.9,765,399260.68,84,Personal,1
Male,Employed,22969.68,347,360595.49,84,Education,0
Male,Employed,32684.77,340,66154.39,84,Gold,1
Female,Unemployed,25385.6,631,61511.64,12,Medical,0
Female,Unemployed,17229.6,405,227452.22,60,Travel,0
Male,Unemployed,35944.78,833,184656.98,24,Gold,0
Female,Unemployed,28974.91,580,264289.57,12,Home,0
Female,Unemployed,44700.81,569,195123.25,48,Marriage,0
Female,Unemployed,31458.03,478,396577.96,72,Business,0
Female,Employed,19127.63,685,258274.89,84,Gold,0
Male,Employed,33945.52,687,475128.18,84,Agriculture,1
Female,Unemployed,41093.8,674,192445.92,48,Education,0
Male,Employed,20162.44,379,193400.47,12,Medical,0
Male,Employed,37231.76,829,385288.86,60,Personal,0
Male,Unemployed,16136.83,557,456565.13,60,Travel,0
Female,Employed,10530.0,685,284918.33,36,Education,1
Female,Employed,2086.3,528,331467.52,36,Business,1
Male,Employed,35696.41,828,79294.42,72,Business,1
Female,Employed,29496.07,715,435065.18,36,Car,1
Male,Unemployed,42836.33,661,93539.05,48,Business,1
Female,Unemployed,38999.86,653,357463.51,12,Marriage,1
Male,Unemployed,29239.17,798,212692.94,72,Agriculture,1
Female,Unemployed,10739.92,793,158211.56,72,Education,0
Female,Employed,17274.41,306,385472.06,12,Marriage,1
Female,Employed,40822.73,813,225897.83,36,Personal,0
Female,Unemployed,31346.3,442,315094.16,60,Marriage,0
Female,Unemployed,32703.05,750,63189.22,84,Personal,0
Male,Employed,6997.29,469,70127.66,36,Marriage,0
Male,Unemployed,25816.88,535,105411.59,12,Gold,0
Female,Employed,17896.08,378,313167.36,84,Business,0
Male,Employed,5734.72,826,130289.93,48,Personal,1
Female,Employed,18646.89,587,232028.12,84,Marriage,0
Male,Unemployed,17336.9,516,428428.47,84,Travel,1
Male,Employed,32536.96,453,274033.07,36,Medical,1
Female,Employed,48227.82,491,7846.52,72,Agriculture,0
Female,Employed,41439.77,461,441937.95,24,Education,0
Female,Employed,34161.18,670,122749.79,24,Gold,1
Male,Employed,37005.73,421,296486.85,60,Personal,1
Male,Employed,18115.97,535,240477.43,12,Business,0
Male,Unemployed,2546.99,724,208024.93,48,Travel,0
Male,Employed,12064.85,638,44305.43,72,Business,0
Female,Employed,35272.45,416,302050.54,24,Agriculture,0
Female,Employed,18823.1,793,126133.02,36,Travel,0
Male,Unemployed,39776.96,790,275934.1,72,Gold,0
Male,Unemployed,36579.85,790,311784.19,48,Education,1
Male,Employed,4311.08,515,280986.58,12,Agriculture,0
Male,Employed,23034.57,465,413499.99,72,Agriculture,0
Female,Employed,22143.36,720,29214.81,72,Business,0
Female,Employed,9984.25,322,78386.8,36,Marriage,1
Female,Unemployed,21872.92,549,328372.05,48,Travel,0
Female,Employed,44324.99,344,23176.92,12,Medical,0
Male,Unemployed,18859.1,430,427645.5,72,Travel,0
Female,Unemployed,20016.68,464,335163.29,48,Home,1
Male,Employed,41782.73,437,419817.15,72,Car,1
Female,Unemployed,39859.04,824,152728.57,24,Travel,0
Female,Employed,29746.66,340,460590.43,24,Home,0
Female,Employed,38395.69,450,29270.52,12,Marriage,0
Male,Unemployed,12827.97,357,211393.68,24,Medical,1
Female,Unemployed,23661.8,470,93232.95,12,Education,0
Male,Unemployed,40361.34,564,337684.8,72,Medical,1
Female,Employed,3603.81,484,307489.43,60,Business,0
Female,Employed,2963.74,829,347299.24,24,Travel,1
Male,Unemployed,14534.13,715,299509.65,48,Marriage,0
Female,Unemployed,7026.8,319,394717.25,48,Agriculture,0
Male,Employed,18406.79,590,92822.54,12,Marriage,0
Female,Unemployed,44620.7,387,230392.22,84,Car,0
Female,Unemployed,9723.42,521,291588.31,60,Travel,0
Male,Unemployed,5600.12,759,466082.51,72,Education,1
Female,Unemployed,47208.04,782,51097.51,36,Gold,0
Female,Unemployed,48945.99,793,153150.77,48,Medical,0
Male,Employed,18221.63,474,187441.87,60,Home,1
Male,Unemployed,49293.25,524,192574.98,84,Education,0
Female,Unemployed,44874.86,720,38495.01,84,Home,1
